Released_Year,Certificate,Runtime,Genre,IMDB_Rating,Meta_score,No_of_Votes,Gross
1994,A,142 min,Drama,9.3,80.0,2343110,28341469.0
1972,A,175 min,"Crime, Drama",9.2,100.0,1620367,134966411.0
2008,UA,152 min,"Action, Crime, Drama",9.0,84.0,2303232,534858444.0
1974,A,202 min,"Crime, Drama",9.0,90.0,1129952,57300000.0
1957,U,96 min,"Crime, Drama",9.0,96.0,689845,4360000.0
2003,U,201 min,"Action, Adventure, Drama",8.9,94.0,1642758,377845905.0
1994,A,154 min,"Crime, Drama",8.9,94.0,1826188,107928762.0
1993,A,195 min,"Biography, Drama, History",8.9,94.0,1213505,96898818.0
2010,UA,148 min,"Action, Adventure, Sci-Fi",8.8,74.0,2067042,292576195.0
1999,A,139 min,Drama,8.8,66.0,1854740,37030102.0
2001,U,178 min,"Action, Adventure, Drama",8.8,92.0,1661481,315544750.0
1994,UA,142 min,"Drama, Romance",8.8,82.0,1809221,330252182.0
1966,A,161 min,Western,8.8,90.0,688390,6100000.0
2002,UA,179 min,"Action, Adventure, Drama",8.7,87.0,1485555,342551365.0
1999,A,136 min,"Action, Sci-Fi",8.7,73.0,1676426,171479930.0
1990,A,146 min,"Biography, Crime, Drama",8.7,90.0,1020727,46836394.0
1980,UA,124 min,"Action, Adventure, Fantasy",8.7,82.0,1159315,290475067.0
1975,A,133 min,Drama,8.7,83.0,918088,112000000.0
2020,PG-13,160 min,"Biography, Drama, History",8.6,90.0,55291,23530892.0
2019,A,132 min,"Comedy, Drama, Thriller",8.6,96.0,552778,53367844.0
2020,U,153 min,Drama,8.6,79.0,54995,23530892.0
2014,UA,169 min,"Adventure, Drama, Sci-Fi",8.6,74.0,1512360,188020017.0
2002,A,130 min,"Crime, Drama",8.6,79.0,699256,7563397.0
2001,U,125 min,"Animation, Adventure, Family",8.6,96.0,651376,10055859.0
1998,R,169 min,"Drama, War",8.6,91.0,1235804,216540909.0
1999,A,189 min,"Crime, Drama, Fantasy",8.6,61.0,1147794,136801374.0
1997,U,116 min,"Comedy, Drama, Romance",8.6,59.0,623629,57598247.0
1995,A,127 min,"Crime, Drama, Mystery",8.6,65.0,1445096,100125643.0
1991,A,118 min,"Crime, Drama, Thriller",8.6,85.0,1270197,130742922.0
1977,UA,121 min,"Action, Adventure, Fantasy",8.6,90.0,1231473,322740140.0
1962,Unknown,133 min,"Action, Drama, Mystery",8.6,85.0,42004,23530892.0
1954,U,207 min,"Action, Adventure, Drama",8.6,98.0,315744,269061.0
1946,PG,130 min,"Drama, Family, Fantasy",8.6,89.0,405801,23530892.0
2019,A,122 min,"Crime, Drama, Thriller",8.5,59.0,939252,335451311.0
2014,A,106 min,"Drama, Music",8.5,88.0,717585,13092000.0
2011,UA,112 min,"Biography, Comedy, Drama",8.5,57.0,760360,13182281.0
2006,U,130 min,"Drama, Mystery, Sci-Fi",8.5,66.0,1190259,53089891.0
2006,A,151 min,"Crime, Drama, Thriller",8.5,85.0,1189773,132384315.0
2002,R,150 min,"Biography, Drama, Music",8.5,85.0,729603,32572577.0
2000,UA,155 min,"Action, Adventure, Drama",8.5,67.0,1341460,187705427.0
1998,R,119 min,Drama,8.5,62.0,1034705,6719864.0
1995,A,106 min,"Crime, Mystery, Thriller",8.5,77.0,991208,23341568.0
1994,A,110 min,"Action, Crime, Drama",8.5,64.0,1035236,19501238.0
1994,U,88 min,"Animation, Adventure, Drama",8.5,88.0,942045,422783777.0
1991,U,137 min,"Action, Sci-Fi",8.5,75.0,995506,204843350.0
1988,U,155 min,"Drama, Romance",8.5,80.0,230763,11990401.0
1988,U,89 min,"Animation, Drama, War",8.5,94.0,235231,23530892.0
1985,U,116 min,"Adventure, Comedy, Sci-Fi",8.5,87.0,1058081,210609762.0
1968,U,165 min,Western,8.5,80.0,302844,5321508.0
1960,A,109 min,"Horror, Mystery, Thriller",8.5,97.0,604211,32000000.0
1942,U,102 min,"Drama, Romance, War",8.5,100.0,522093,1024560.0
1936,G,87 min,"Comedy, Drama, Family",8.5,96.0,217881,163245.0
1931,G,87 min,"Comedy, Drama, Romance",8.5,99.0,167839,19181.0
2018,A,126 min,Drama,8.4,75.0,62635,1661096.0
2017,Unknown,125 min,"Biography, Drama, History",8.4,79.0,34112,23530892.0
2017,UA,147 min,"Action, Crime, Drama",8.4,79.0,28401,23530892.0
2016,U,106 min,"Animation, Drama, Fantasy",8.4,79.0,194838,5017246.0
2016,U,161 min,"Action, Biography, Drama",8.4,79.0,156479,12391761.0
2018,U,117 min,"Animation, Action, Adventure",8.4,87.0,375110,190241310.0
2019,UA,181 min,"Action, Adventure, Drama",8.4,78.0,809955,858373000.0
2018,UA,149 min,"Action, Adventure, Sci-Fi",8.4,68.0,834477,678815482.0
2017,U,105 min,"Animation, Adventure, Family",8.4,81.0,384171,209726015.0
2012,A,165 min,"Drama, Western",8.4,81.0,1357682,162805434.0
2012,UA,164 min,"Action, Adventure",8.4,78.0,1516346,448139099.0
2009,UA,170 min,"Comedy, Drama",8.4,67.0,344445,6532908.0
2007,U,165 min,"Drama, Family",8.4,79.0,168895,1223869.0
2008,U,98 min,"Animation, Adventure, Family",8.4,95.0,999790,223808164.0
2006,A,137 min,"Drama, Mystery, Thriller",8.4,89.0,358685,11286112.0
2003,A,101 min,"Action, Drama, Mystery",8.4,77.0,515451,707481.0
2000,UA,113 min,"Mystery, Thriller",8.4,80.0,1125712,25544867.0
1997,U,134 min,"Animation, Action, Adventure",8.4,76.0,343171,2375308.0
1984,A,229 min,"Crime, Drama",8.4,79.0,311365,5321508.0
1981,A,115 min,"Action, Adventure",8.4,85.0,884112,248159971.0
1980,A,146 min,"Drama, Horror",8.4,66.0,898237,44017374.0
1979,R,147 min,"Drama, Mystery, War",8.4,94.0,606398,83471511.0
1979,R,117 min,"Horror, Sci-Fi",8.4,89.0,787806,78900000.0
1971,U,122 min,"Drama, Musical",8.4,79.0,30273,23530892.0
1963,Unknown,143 min,"Crime, Drama, Mystery",8.4,79.0,34357,23530892.0
1964,A,95 min,Comedy,8.4,97.0,450474,275902.0
1957,U,116 min,"Crime, Drama, Mystery",8.4,79.0,108862,8175000.0
1957,A,88 min,"Drama, War",8.4,90.0,178092,23530892.0
1954,U,112 min,"Mystery, Thriller",8.4,100.0,444074,36764313.0
1950,Passed,110 min,"Drama, Film-Noir",8.4,79.0,201632,23530892.0
1940,Passed,125 min,"Comedy, Drama, War",8.4,79.0,203150,288475.0
2019,R,119 min,"Drama, Thriller, War",8.3,78.0,425844,159227644.0
2018,A,104 min,"Drama, Fantasy, Horror",8.3,79.0,27793,23530892.0
2018,UA,139 min,"Crime, Drama, Music",8.3,79.0,71875,1373943.0
2013,U,160 min,"Crime, Drama, Thriller",8.3,79.0,30722,23530892.0
2012,R,115 min,Drama,8.3,77.0,281623,687185.0
2011,PG-13,123 min,Drama,8.3,95.0,220002,7098492.0
2010,R,131 min,"Drama, Mystery, War",8.3,80.0,150023,6857096.0
2019,TV-14,132 min,Drama,8.3,79.0,33935,23530892.0
2005,Unknown,112 min,"Drama, Family",8.3,79.0,78925,23530892.0
2009,A,153 min,"Adventure, Drama, War",8.3,69.0,1267869,120540719.0
2004,UA,108 min,"Drama, Romance, Sci-Fi",8.3,89.0,911664,34400301.0
2001,U,122 min,"Comedy, Romance",8.3,69.0,703810,33225499.0
2000,UA,104 min,"Comedy, Crime",8.3,55.0,782001,30328156.0
2000,A,102 min,Drama,8.3,68.0,766870,3635482.0
1999,UA,122 min,Drama,8.3,84.0,1069738,130096601.0
1997,U,126 min,"Drama, Romance",8.3,70.0,861606,138433435.0
1997,PG,89 min,"Drama, Family, Sport",8.3,77.0,65341,933933.0
1995,U,81 min,"Animation, Adventure, Comedy",8.3,95.0,887429,191796233.0
1995,A,178 min,"Biography, Drama, History",8.3,68.0,959181,75600000.0
1992,R,99 min,"Crime, Drama, Thriller",8.3,79.0,918562,2832029.0
1987,UA,116 min,"Drama, War",8.3,76.0,675146,46357676.0
1985,A,142 min,"Drama, Thriller, War",8.3,79.0,59056,23530892.0
1986,U,137 min,"Action, Adventure, Sci-Fi",8.3,84.0,652719,85160248.0
1984,R,160 min,"Biography, Drama, History",8.3,88.0,369007,51973029.0
1983,A,170 min,"Crime, Drama",8.3,65.0,740911,45598982.0
1983,U,131 min,"Action, Adventure, Fantasy",8.3,58.0,950470,309125409.0
1981,R,149 min,"Adventure, Drama, Thriller",8.3,86.0,231855,11487676.0
1976,A,114 min,"Crime, Drama",8.3,94.0,724636,28262574.0
1973,U,129 min,"Comedy, Crime, Drama",8.3,83.0,241513,159600000.0
1971,A,136 min,"Crime, Drama, Sci-Fi",8.3,77.0,757904,6207725.0
1968,U,149 min,"Adventure, Sci-Fi",8.3,84.0,603517,56954992.0
1965,U,132 min,Western,8.3,74.0,232772,15000000.0
1962,U,228 min,"Adventure, Biography, Drama",8.3,100.0,268085,44824144.0
1960,U,125 min,"Comedy, Drama, Romance",8.3,94.0,164363,18600000.0
1959,U,136 min,"Adventure, Mystery, Thriller",8.3,98.0,299198,13275000.0
1958,A,128 min,"Mystery, Romance, Thriller",8.3,100.0,364368,3200000.0
1952,G,103 min,"Comedy, Musical, Romance",8.3,99.0,218957,8819028.0
1952,Unknown,143 min,Drama,8.3,79.0,68463,55240.0
1948,Unknown,89 min,Drama,8.3,79.0,146427,332930.0
1944,Passed,107 min,"Crime, Drama, Film-Noir",8.3,95.0,143525,5720000.0
1941,UA,119 min,"Drama, Mystery",8.3,100.0,403351,1585634.0
1931,Passed,117 min,"Crime, Mystery, Thriller",8.3,79.0,143434,28877.0
1927,Unknown,153 min,"Drama, Sci-Fi",8.3,98.0,159992,1236166.0
1921,Passed,68 min,"Comedy, Drama, Family",8.3,79.0,113314,5450000.0
2019,UA,143 min,"Comedy, Drama",8.2,79.0,33893,898575.0
2018,UA,138 min,"Action, Drama, War",8.2,79.0,43444,4186168.0
2018,UA,156 min,"Action, Drama",8.2,79.0,36680,23530892.0
2018,UA,130 min,"Biography, Comedy, Drama",8.2,69.0,377884,85080171.0
2017,A,115 min,"Comedy, Crime, Drama",8.2,88.0,432610,54513740.0
2015,UA,132 min,"Crime, Drama, Mystery",8.2,79.0,31142,342370.0
2017,UA,167 min,"Action, Drama",8.2,79.0,75348,20186659.0
2019,PG,96 min,"Animation, Adventure, Comedy",8.2,65.0,104761,23530892.0
2015,UA,163 min,"Crime, Drama, Mystery",8.2,79.0,70367,739478.0
2013,UA,146 min,"Adventure, Comedy, Drama",8.2,79.0,60701,1429534.0
2013,Unknown,87 min,"Drama, War",8.2,73.0,40382,144501.0
2013,U,186 min,"Biography, Drama, Sport",8.2,79.0,61137,1626289.0
2012,A,321 min,"Action, Comedy, Crime",8.2,89.0,82365,23530892.0
2010,UA,134 min,Drama,8.2,79.0,42341,7461.0
2012,UA,135 min,"Action, Biography, Crime",8.2,79.0,33237,39567.0
2009,R,129 min,"Drama, Mystery, Romance",8.2,80.0,193217,6391436.0
2011,UA,140 min,"Action, Drama, Sport",8.2,71.0,435950,13657115.0
2010,A,138 min,"Mystery, Thriller",8.2,63.0,1129894,128012934.0
2009,U,96 min,"Animation, Adventure, Comedy",8.2,88.0,935507,293004164.0
2013,A,180 min,"Biography, Crime, Drama",8.2,75.0,1187498,116900694.0
2007,U,153 min,"Drama, Family, Sport",8.2,68.0,74129,1113541.0
2007,A,158 min,Drama,8.2,93.0,517359,40222514.0
2006,UA,118 min,"Drama, Fantasy, War",8.2,98.0,618623,37634615.0
2010,U,103 min,"Animation, Adventure, Comedy",8.2,92.0,757032,415004880.0
2005,A,132 min,"Action, Drama, Sci-Fi",8.2,62.0,1032749,70511035.0
2006,UA,167 min,"Comedy, Crime, Drama",8.2,79.0,111937,2197331.0
2005,U,122 min,Drama,8.2,79.0,33354,733094.0
2005,UA,140 min,"Action, Adventure",8.2,70.0,1308302,206852432.0
2004,U,210 min,Drama,8.2,79.0,83005,1223240.0
2004,R,156 min,"Biography, Drama, History",8.2,82.0,331308,5509040.0
2004,U,119 min,"Animation, Adventure, Family",8.2,80.0,333915,4711096.0
2001,UA,135 min,"Biography, Drama",8.2,72.0,848920,170742341.0
2000,U,156 min,"Action, Comedy, Crime",8.2,79.0,57057,23530892.0
1998,A,107 min,"Action, Comedy, Crime",8.2,66.0,535216,3897569.0
1997,A,138 min,"Crime, Drama, Mystery",8.2,90.0,531967,64616940.0
1996,Unknown,128 min,"Crime, Drama, Thriller",8.2,79.0,64118,23530892.0
1995,A,170 min,"Crime, Drama, Thriller",8.2,76.0,577113,67436818.0
1995,A,178 min,"Crime, Drama",8.2,73.0,466276,42438300.0
1994,U,160 min,"Action, Comedy, Romance",8.2,79.0,49300,23530892.0
1992,A,130 min,"Drama, Western",8.2,85.0,375935,101157447.0
1989,U,127 min,"Action, Adventure",8.2,65.0,692366,197171806.0
1988,R,142 min,"Comedy, Crime, Drama",8.2,79.0,26402,280015.0
1988,U,86 min,"Animation, Family, Fantasy",8.2,86.0,291180,1105564.0
1988,A,132 min,"Action, Thriller",8.2,72.0,793164,83008852.0
1985,U,162 min,"Action, Drama, War",8.2,96.0,112505,4135750.0
1980,A,129 min,"Biography, Drama, Sport",8.2,89.0,321860,23383987.0
1979,U,162 min,"Drama, Sci-Fi",8.2,79.0,116945,234723.0
1978,U,99 min,"Drama, Music",8.2,79.0,26875,23530892.0
1976,PG,177 min,"Biography, Drama, History",8.2,79.0,43885,23530892.0
1975,U,204 min,"Action, Adventure, Comedy",8.2,79.0,51284,23530892.0
1975,PG,91 min,"Adventure, Comedy, Fantasy",8.2,91.0,500875,1229197.0
1963,U,172 min,"Adventure, Drama, History",8.2,86.0,224730,12100000.0
1962,U,129 min,"Crime, Drama",8.2,88.0,293811,23530892.0
1961,Unknown,110 min,"Action, Drama, Thriller",8.2,79.0,111244,23530892.0
1961,A,179 min,"Drama, War",8.2,60.0,69458,23530892.0
1959,U,121 min,"Comedy, Music, Romance",8.2,98.0,243943,25000000.0
1957,U,91 min,"Drama, Romance",8.2,88.0,96381,23530892.0
1957,A,96 min,"Drama, Fantasy, History",8.2,88.0,164939,23530892.0
1955,Unknown,118 min,"Crime, Drama, Thriller",8.2,97.0,28810,57226.0
1954,A,105 min,"Crime, Thriller",8.2,75.0,158335,12562.0
1953,U,136 min,Drama,8.2,79.0,53153,23530892.0
1950,Unknown,88 min,"Crime, Drama, Mystery",8.2,98.0,152572,96568.0
1950,Passed,138 min,Drama,8.2,98.0,120539,10177.0
1948,Passed,126 min,"Adventure, Drama, Western",8.2,98.0,114304,5014000.0
1942,Passed,99 min,"Comedy, War",8.2,86.0,29915,23530892.0
1925,Passed,95 min,"Adventure, Comedy, Drama",8.2,79.0,101053,5450000.0
1924,Passed,45 min,"Action, Comedy, Romance",8.2,79.0,41985,977375.0
2019,R,122 min,"Drama, Romance",8.1,95.0,63134,3759854.0
2016,UA,136 min,"Drama, Thriller",8.1,79.0,39216,1241223.0
2016,16,130 min,"Animation, Drama, Family",8.1,78.0,47708,23530892.0
2016,TV-MA,106 min,"Crime, Drama, Mystery",8.1,79.0,141516,23530892.0
2016,A,145 min,"Drama, Romance, Thriller",8.1,84.0,113649,2006788.0
2014,R,139 min,Drama,8.1,74.0,50700,3492754.0
2014,UA,160 min,"Action, Crime, Drama",8.1,79.0,50445,901610.0
2017,A,137 min,"Action, Drama, Sci-Fi",8.1,77.0,647884,226277068.0
2015,R,118 min,"Drama, Thriller",8.1,86.0,371538,14677674.0
2014,R,122 min,"Comedy, Drama, Thriller",8.1,77.0,177059,3107072.0
2020,U,100 min,"Animation, Adventure, Comedy",8.1,83.0,159171,23530892.0
2014,Unknown,196 min,Drama,8.1,88.0,46547,165520.0
2014,UA,153 min,"Comedy, Drama, Musical",8.1,79.0,163061,10616104.0
2012,U,125 min,"Comedy, Drama, Fantasy",8.1,79.0,51739,923221.0
2014,UA,99 min,"Adventure, Comedy, Crime",8.1,88.0,707630,59100318.0
2014,A,149 min,"Drama, Mystery, Thriller",8.1,79.0,859695,167767189.0
2012,U,117 min,"Animation, Drama, Fantasy",8.1,71.0,38803,23530892.0
2016,A,139 min,"Biography, Drama, History",8.1,71.0,435928,67209615.0
2015,U,95 min,"Animation, Adventure, Comedy",8.1,94.0,616228,356461711.0
2012,U,151 min,"Comedy, Drama, Romance",8.1,79.0,75721,2804874.0
2013,A,134 min,"Biography, Drama, History",8.1,96.0,640533,56671993.0
2013,UA,123 min,"Action, Biography, Drama",8.1,74.0,432811,26947624.0
2019,UA,152 min,"Action, Biography, Drama",8.1,81.0,291289,117624028.0
2015,A,129 min,"Biography, Crime, Drama",8.1,93.0,420316,45055776.0
2014,PG,93 min,"Animation, Adventure, Drama",8.1,85.0,51679,857524.0
2012,UA,122 min,"Mystery, Thriller",8.1,79.0,57806,1035953.0
2011,U,155 min,"Comedy, Drama",8.1,79.0,67927,3108485.0
2013,A,153 min,"Crime, Drama, Mystery",8.1,70.0,601149,61002302.0
2015,UA,120 min,"Action, Adventure, Sci-Fi",8.1,90.0,882316,154058340.0
2008,UA,104 min,"Action, Crime, Drama",8.1,79.0,73891,23530892.0
2008,R,116 min,Drama,8.1,72.0,720450,148095302.0
2011,UA,130 min,"Adventure, Drama, Fantasy",8.1,85.0,764493,381011219.0
2008,PG-13,130 min,"Drama, Music",8.1,68.0,48582,1498210.0
2009,G,93 min,"Biography, Drama, Family",8.1,79.0,253575,23530892.0
2009,Unknown,92 min,"Animation, Comedy, Drama",8.1,79.0,164462,23530892.0
2010,U,98 min,"Animation, Action, Adventure",8.1,75.0,666773,217581231.0
2007,R,148 min,"Adventure, Biography, Drama",8.1,73.0,572921,18354356.0
2007,R,122 min,"Crime, Drama, Thriller",8.1,91.0,856916,74283625.0
2006,U,144 min,"Comedy, Drama, Romance",8.1,79.0,43137,2217561.0
2004,UA,132 min,"Drama, Sport",8.1,86.0,635975,100492203.0
2004,PG-13,121 min,"Biography, Drama, History",8.1,79.0,334320,23530892.0
2004,R,140 min,"Action, Drama, War",8.1,64.0,37820,1111061.0
2004,R,80 min,"Drama, Romance",8.1,90.0,236311,5820649.0
2003,U,156 min,"Comedy, Drama, Musical",8.1,79.0,73992,23530892.0
2003,UA,131 min,"Crime, Drama, Mystery",8.1,82.0,139558,14131.0
2001,Unrated,183 min,"Comedy, Drama, Romance",8.1,79.0,66803,300000.0
2003,R,111 min,"Action, Crime, Drama",8.1,69.0,1000639,70099045.0
2003,U,100 min,"Animation, Adventure, Comedy",8.1,90.0,949565,380843261.0
2002,A,141 min,"Biography, Crime, Drama",8.1,75.0,832846,164615351.0
2000,A,154 min,"Drama, Thriller",8.1,83.0,223741,5383834.0
2001,U,92 min,"Animation, Adventure, Comedy",8.1,79.0,815505,289916256.0
1997,UA,87 min,"Animation, Action, Drama",8.1,79.0,38847,23530892.0
2001,U,224 min,"Adventure, Drama, Musical",8.1,84.0,105036,70147.0
1999,A,107 min,"Drama, Mystery, Thriller",8.1,64.0,911573,293506292.0
1998,U,169 min,"Drama, Music, Romance",8.1,58.0,59020,259127.0
1998,U,103 min,"Comedy, Drama",8.1,90.0,939631,125618201.0
1998,R,127 min,"Comedy, Crime, Romance",8.1,73.0,50862,348660.0
1998,R,117 min,"Comedy, Crime, Sport",8.1,71.0,732620,17498804.0
2000,U,98 min,"Drama, Romance",8.1,85.0,124383,2734044.0
1996,A,93 min,Drama,8.1,83.0,634716,16501785.0
1996,A,98 min,"Crime, Drama, Thriller",8.1,85.0,617444,24611975.0
1995,Unknown,170 min,"Comedy, Drama, War",8.1,79.0,55220,171082.0
1995,UA,98 min,"Crime, Drama",8.1,79.0,150345,309811.0
1995,U,189 min,"Drama, Romance",8.1,79.0,63516,23530892.0
1995,R,101 min,"Drama, Romance",8.1,77.0,272291,5535405.0
1994,U,99 min,"Drama, Mystery, Romance",8.1,100.0,90729,4043686.0
1994,U,102 min,"Comedy, Crime, Drama",8.1,77.0,63122,600200.0
1993,UA,127 min,"Action, Adventure, Sci-Fi",8.1,68.0,867615,402453882.0
1993,UA,133 min,"Biography, Crime, Drama",8.1,84.0,156842,25010410.0
1993,R,171 min,"Drama, Music, Romance",8.1,79.0,25088,5216888.0
1991,PG,125 min,"Drama, History, Romance",8.1,79.0,29662,2603061.0
1989,U,128 min,"Comedy, Drama",8.1,79.0,425457,95860116.0
1986,U,89 min,"Adventure, Drama",8.1,75.0,363401,52287414.0
1986,A,120 min,"Drama, War",8.1,92.0,381222,138530565.0
1984,U,145 min,Drama,8.1,78.0,91188,2181987.0
1984,U,117 min,"Animation, Adventure, Fantasy",8.1,86.0,150924,495770.0
1982,A,109 min,"Horror, Mystery, Sci-Fi",8.1,57.0,371271,13782838.0
1982,UA,95 min,"Drama, Fantasy, Music",8.1,47.0,76081,22244207.0
1982,R,158 min,"Adventure, Drama",8.1,79.0,31595,23530892.0
1982,A,188 min,Drama,8.1,100.0,57784,4971340.0
1982,UA,117 min,"Action, Sci-Fi, Thriller",8.1,84.0,693827,32868943.0
1980,UA,124 min,"Biography, Drama",8.1,78.0,220078,23530892.0
1979,R,94 min,Comedy,8.1,77.0,367250,20045115.0
1978,A,183 min,"Drama, War",8.1,86.0,311361,48979328.0
1976,U,120 min,"Drama, Sport",8.1,70.0,518546,117235247.0
1976,UA,121 min,Drama,8.1,83.0,144911,23530892.0
1975,PG,185 min,"Adventure, Drama, History",8.1,89.0,149843,23530892.0
1975,G,107 min,"Biography, Drama",8.1,79.0,40081,177345.0
1974,UA,130 min,"Drama, Mystery, Thriller",8.1,92.0,294230,29000000.0
1973,U,102 min,"Comedy, Crime, Drama",8.1,77.0,42285,30933743.0
1972,A,91 min,Drama,8.1,79.0,30206,1742348.0
1972,PG,167 min,"Drama, Mystery, Sci-Fi",8.1,90.0,81021,23530892.0
1967,GP,105 min,"Crime, Drama, Mystery",8.1,79.0,45434,39481.0
1967,A,127 min,"Crime, Drama",8.1,92.0,161984,16217773.0
1966,Unknown,85 min,"Drama, Thriller",8.1,86.0,103191,23530892.0
1966,R,205 min,"Biography, Drama, History",8.1,79.0,46947,102021.0
1966,Unknown,121 min,"Drama, War",8.1,96.0,53089,55908.0
1962,Unknown,95 min,"Drama, Fantasy",8.1,79.0,29682,23530892.0
1962,Passed,134 min,"Drama, Horror, Thriller",8.1,75.0,50058,4050000.0
1962,U,96 min,"Action, Comedy, Crime",8.1,79.0,33044,23530892.0
1962,Unknown,123 min,"Drama, Western",8.1,94.0,68827,23530892.0
1962,Unknown,95 min,"Drama, War",8.1,79.0,31728,23530892.0
1960,A,89 min,Drama,8.1,79.0,26697,1526000.0
1960,Passed,128 min,"Biography, Drama, History",8.1,75.0,27254,23530892.0
1959,Unknown,99 min,"Crime, Drama",8.1,79.0,105291,23530892.0
1959,U,212 min,"Adventure, Drama, History",8.1,90.0,219466,74700000.0
1958,Unknown,139 min,"Adventure, Drama",8.1,79.0,34797,23530892.0
1957,Unknown,110 min,Drama,8.1,79.0,42940,752045.0
1957,Unknown,110 min,"Drama, History",8.1,79.0,46678,23530892.0
1957,PG,161 min,"Adventure, Drama, War",8.1,87.0,203463,44908000.0
1954,A,108 min,"Crime, Drama, Thriller",8.1,91.0,142107,9600000.0
1953,U,131 min,"Adventure, Drama, Thriller",8.1,85.0,54588,23530892.0
1951,Approved,111 min,"Drama, Film-Noir",8.1,72.0,31568,3969893.0
1949,Unknown,114 min,"Action, Crime, Drama",8.1,79.0,29807,23530892.0
1949,Approved,104 min,"Film-Noir, Mystery, Thriller",8.1,97.0,158731,449191.0
1948,Unknown,135 min,"Drama, Music, Romance",8.1,79.0,30935,10900000.0
1940,Unknown,99 min,"Comedy, Drama, Romance",8.1,96.0,28450,203300.0
1940,Approved,130 min,"Drama, Mystery, Romance",8.1,86.0,123942,4360000.0
1939,Passed,129 min,"Comedy, Drama",8.1,73.0,107017,9600000.0
1939,U,238 min,"Drama, History, Romance",8.1,97.0,290074,198676459.0
1937,Unknown,113 min,"Drama, War",8.1,79.0,33829,172885.0
1934,Approved,105 min,"Comedy, Romance",8.1,87.0,94016,4360000.0
1928,Passed,110 min,"Biography, Drama, History",8.1,79.0,47676,21877.0
1928,Passed,72 min,"Comedy, Romance",8.1,90.0,30205,23530892.0
1927,Passed,94 min,"Drama, Romance",8.1,79.0,46865,539540.0
1926,Passed,67 min,"Action, Adventure, Comedy",8.1,79.0,81156,1033895.0
1920,Unknown,76 min,"Fantasy, Horror, Mystery",8.1,79.0,57428,23530892.0
2018,UA,124 min,"Comedy, Drama",8.0,79.0,27978,23530892.0
2019,U,113 min,"Adventure, Biography, Drama",8.0,69.0,37556,23530892.0
2016,UA,130 min,"Drama, History",8.0,79.0,52897,23530892.0
2015,UA,163 min,"Action, Adventure, Comedy",8.0,79.0,72245,8178001.0
2015,UA,159 min,"Action, Crime, Thriller",8.0,79.0,52848,23530892.0
2016,A,128 min,"Comedy, Drama, Music",8.0,94.0,505918,151101803.0
2016,U,118 min,"Biography, Drama",8.0,69.0,213970,51739495.0
2015,UA,144 min,"Adventure, Drama, Sci-Fi",8.0,80.0,760094,228433663.0
2016,U,108 min,"Animation, Adventure, Comedy",8.0,78.0,434143,341268248.0
2015,UA,159 min,"Action, Drama",8.0,79.0,102972,6738000.0
2013,U,137 min,"Animation, Adventure, Drama",8.0,89.0,38746,1506975.0
2017,U,113 min,"Drama, Family",8.0,66.0,141923,132422809.0
2019,UA,154 min,"Drama, Music, Romance",8.0,65.0,31886,5566534.0
2013,UA,144 min,"Crime, Drama, Thriller",8.0,79.0,51069,1079369.0
2013,R,96 min,Drama,8.0,82.0,81770,1010414.0
2014,A,150 min,"Action, Crime, Thriller",8.0,71.0,114316,2625803.0
2014,UA,114 min,"Biography, Drama, Thriller",8.0,73.0,685201,91125683.0
2014,UA,121 min,"Action, Adventure, Comedy",8.0,76.0,1043455,333176600.0
2017,UA,164 min,"Action, Drama, Mystery",8.0,81.0,461823,92054159.0
2013,A,126 min,"Drama, Romance, Sci-Fi",8.0,90.0,540772,25568251.0
2018,UA,134 min,"Biography, Drama, Music",8.0,49.0,450349,216428042.0
2015,A,156 min,"Action, Adventure, Drama",8.0,76.0,705589,183637894.0
2012,UA,103 min,"Drama, Romance",8.0,67.0,462252,17738570.0
2010,Unknown,115 min,"Action, Crime, Drama",8.0,71.0,79200,100119.0
2010,U,118 min,"Biography, Drama, History",8.0,88.0,639603,138797449.0
2011,UA,146 min,Drama,8.0,62.0,428521,169708112.0
2016,R,108 min,"Action, Adventure, Comedy",8.0,65.0,902669,363070709.0
2009,TV-PG,119 min,"Drama, Mystery",8.0,87.0,45803,106662.0
2009,A,144 min,"Drama, Romance",8.0,79.0,28749,10950.0
2008,R,106 min,"Action, Biography, Drama",8.0,59.0,211427,23530892.0
2010,UA,165 min,Drama,8.0,50.0,98575,4018695.0
2009,Unknown,128 min,"Action, Drama, Thriller",8.0,79.0,31838,23530892.0
2008,UA,120 min,"Drama, Romance",8.0,84.0,798882,141319928.0
2010,A,108 min,"Drama, Thriller",8.0,79.0,699673,106954678.0
2007,R,115 min,"Action, Crime, Drama",8.0,33.0,98097,8060.0
2012,UA,143 min,"Action, Adventure, Sci-Fi",8.0,69.0,1260806,623279547.0
2007,PG-13,96 min,"Animation, Biography, Drama",8.0,90.0,88656,4445756.0
2013,R,117 min,"Biography, Drama",8.0,80.0,441614,27298285.0
2006,U,117 min,"Biography, Drama",8.0,64.0,448930,163566459.0
2006,A,143 min,"Adventure, Drama, Thriller",8.0,64.0,499439,57366262.0
2007,UA,115 min,"Action, Mystery, Thriller",8.0,85.0,604694,227471070.0
2004,U,88 min,"Crime, Drama, Romance",8.0,72.0,50610,238507.0
2005,A,124 min,"Crime, Thriller",8.0,74.0,738512,74103820.0
2007,PG-13,112 min,"Biography, Drama",8.0,92.0,103284,5990075.0
2004,Unknown,127 min,"Adventure, Comedy, Sci-Fi",8.0,79.0,56960,23530892.0
2007,U,111 min,"Animation, Adventure, Comedy",8.0,96.0,641645,206445654.0
2006,PG-13,144 min,"Action, Adventure, Thriller",8.0,80.0,582239,167445960.0
2004,A,137 min,"Action, Crime, Thriller",8.0,83.0,683900,66208183.0
2003,Unknown,110 min,Drama,8.0,82.0,42399,502028.0
2003,R,103 min,"Drama, Romance",8.0,85.0,77520,2380788.0
2014,U,126 min,"Biography, Drama",8.0,74.0,77554,2086345.0
2005,UA,144 min,"Biography, Drama, History",8.0,69.0,176151,61649911.0
2003,U,186 min,"Comedy, Drama, Musical",8.0,54.0,63460,1787378.0
2002,UA,101 min,"Action, Crime, Drama",8.0,75.0,117857,169659.0
2003,UA,143 min,"Action, Adventure, Fantasy",8.0,63.0,1015122,305413918.0
2003,U,125 min,"Adventure, Drama, Fantasy",8.0,58.0,415218,66257002.0
2004,U,115 min,"Animation, Action, Adventure",8.0,90.0,657047,261441092.0
2001,Unknown,137 min,"Comedy, Drama, Romance",8.0,79.0,45403,23530892.0
2003,R,178 min,"Crime, Drama",8.0,60.0,137963,1530386.0
2001,Unknown,110 min,"Comedy, Drama",8.0,79.0,33592,23530892.0
2001,R,113 min,"Drama, Mystery, Sci-Fi",8.0,88.0,740086,1480006.0
1999,R,188 min,Drama,8.0,77.0,289742,22455976.0
2000,U,140 min,"Crime, Drama, Musical",8.0,61.0,102285,4184036.0
1999,U,112 min,"Biography, Drama",8.0,86.0,82002,6203044.0
1997,A,81 min,"Animation, Crime, Mystery",8.0,79.0,58192,776665.0
1998,R,105 min,Drama,8.0,82.0,78341,1647780.0
1998,R,110 min,Drama,8.0,80.0,36419,5595428.0
1999,PG,86 min,"Animation, Action, Adventure",8.0,85.0,172083,23159305.0
1997,Unknown,87 min,"Action, Crime, Comedy",8.0,79.0,27721,3296.0
1996,R,135 min,Drama,8.0,84.0,86838,24475416.0
1996,U,136 min,"Comedy, Drama",8.0,91.0,37564,13417292.0
1995,A,129 min,"Mystery, Sci-Fi, Thriller",8.0,74.0,578443,57141459.0
1995,UA,83 min,"Animation, Action, Crime",8.0,76.0,129231,515905.0
1993,U,76 min,"Animation, Family, Fantasy",8.0,82.0,300208,75082668.0
1993,U,101 min,"Comedy, Fantasy, Romance",8.0,72.0,577991,70906973.0
1993,R,180 min,"Crime, Drama",8.0,47.0,28825,4496583.0
1992,UA,156 min,Drama,8.0,59.0,263918,63895607.0
1992,U,90 min,"Animation, Adventure, Comedy",8.0,86.0,373845,217350219.0
1991,UA,189 min,"Drama, History, Thriller",8.0,72.0,142110,70405498.0
1991,G,84 min,"Animation, Family, Fantasy",8.0,95.0,417178,218967620.0
1990,U,181 min,"Adventure, Drama, Western",8.0,72.0,240266,184208848.0
1989,R,120 min,"Comedy, Drama",8.0,93.0,89429,27545445.0
1988,U,133 min,Drama,8.0,65.0,473064,178800000.0
1988,UA,124 min,"Animation, Action, Sci-Fi",8.0,79.0,164918,553171.0
1987,U,98 min,"Adventure, Family, Fantasy",8.0,77.0,393899,30857814.0
1987,U,128 min,"Drama, Fantasy, Romance",8.0,79.0,64722,3333969.0
1987,U,104 min,"Drama, War",8.0,88.0,31163,4542825.0
1986,U,125 min,"Animation, Adventure, Drama",8.0,78.0,150140,23530892.0
1984,UA,107 min,"Action, Sci-Fi",8.0,84.0,799795,38400000.0
1982,U,191 min,"Biography, Drama, History",8.0,79.0,217664,52767889.0
1980,U,180 min,"Drama, History, War",8.0,84.0,32195,23530892.0
1979,PG,130 min,"Comedy, Drama",8.0,83.0,65625,30177511.0
1977,A,93 min,"Comedy, Romance",8.0,92.0,251823,39200000.0
1975,A,124 min,"Adventure, Thriller",8.0,87.0,543388,260000000.0
1975,U,125 min,"Biography, Crime, Drama",8.0,86.0,235652,50000000.0
1974,A,106 min,Comedy,8.0,80.0,143359,86300000.0
1973,R,151 min,"Biography, Crime, Drama",8.0,58.0,121627,53267000.0
1973,A,122 min,Horror,8.0,81.0,362393,232906145.0
1972,PG,138 min,"Mystery, Thriller",8.0,79.0,44748,4081254.0
1971,R,118 min,"Drama, Romance",8.0,93.0,42456,29133000.0
1971,G,181 min,"Drama, Family, Musical",8.0,67.0,39491,80500000.0
1970,UA,113 min,Drama,8.0,100.0,27067,541940.0
1969,PG,110 min,"Biography, Crime, Drama",8.0,66.0,201888,102308889.0
1968,A,137 min,"Drama, Horror",8.0,96.0,193674,23530892.0
1968,U,112 min,"Adventure, Sci-Fi",8.0,79.0,165167,33395426.0
1967,A,106 min,"Comedy, Drama, Romance",8.0,83.0,253676,104945305.0
1966,A,131 min,Drama,8.0,75.0,68926,23530892.0
1965,U,172 min,"Biography, Drama, Family",8.0,63.0,205425,163214286.0
1965,A,197 min,"Drama, Romance, War",8.0,69.0,69903,111722000.0
1964,A,99 min,"Action, Drama, Western",8.0,65.0,198219,14500000.0
1963,Unknown,138 min,Drama,8.0,91.0,108844,50690.0
1962,Unknown,80 min,Drama,8.0,79.0,28057,23530892.0
1961,A,134 min,"Drama, Sport",8.0,90.0,75067,8284000.0
1960,A,174 min,"Comedy, Drama",8.0,95.0,66621,19516000.0
1959,Passed,141 min,"Action, Drama, Western",8.0,93.0,56305,12535000.0
1959,Unknown,161 min,"Crime, Drama, Mystery",8.0,95.0,59847,11900000.0
1958,PG-13,95 min,"Crime, Drama, Film-Noir",8.0,99.0,98431,2237659.0
1958,A,108 min,Drama,8.0,84.0,45062,17570324.0
1957,Approved,96 min,"Drama, Film-Noir",8.0,100.0,28137,23530892.0
1956,Approved,84 min,"Crime, Drama, Film-Noir",8.0,91.0,81702,23530892.0
1955,Unknown,92 min,"Crime, Drama, Film-Noir",8.0,99.0,81980,654000.0
1954,Unknown,108 min,Drama,8.0,79.0,58314,23530892.0
1955,Unknown,117 min,"Crime, Drama, Horror",8.0,79.0,61503,23530892.0
1953,Unknown,120 min,"Comedy, Drama, War",8.0,84.0,51046,23530892.0
1953,Unknown,118 min,"Comedy, Romance",8.0,78.0,127256,23530892.0
1951,A,122 min,Drama,8.0,97.0,99182,8000000.0
1950,Unknown,94 min,"Drama, Film-Noir, Mystery",8.0,79.0,26784,23530892.0
1949,U,106 min,"Comedy, Crime",8.0,79.0,34485,23530892.0
1948,A,80 min,"Crime, Drama, Mystery",8.0,73.0,129783,23530892.0
1947,Unknown,97 min,"Crime, Drama, Film-Noir",8.0,79.0,32784,23530892.0
1945,U,86 min,"Drama, Romance",8.0,92.0,35601,23530892.0
1944,Passed,88 min,"Drama, Film-Noir, Mystery",8.0,79.0,42725,4360000.0
1946,Approved,170 min,"Drama, Romance, War",8.0,93.0,57259,23650000.0
1942,Unknown,118 min,"Comedy, Crime, Thriller",8.0,79.0,65101,23530892.0
1941,Unknown,100 min,"Film-Noir, Mystery",8.0,96.0,148928,2108060.0
1940,Passed,129 min,"Drama, History",8.0,96.0,85559,55000.0
1939,U,102 min,"Adventure, Family, Fantasy",8.0,92.0,371379,2076020.0
1939,Unknown,110 min,"Comedy, Drama",8.0,79.0,26725,23530892.0
1934,TV-PG,91 min,"Comedy, Crime, Mystery",8.0,86.0,26642,23530892.0
1930,U,152 min,"Drama, War",8.0,91.0,57318,3270000.0
1925,Unknown,75 min,"Drama, History, Thriller",8.0,97.0,53054,50970.0
2019,UA,130 min,"Comedy, Crime, Drama",7.9,82.0,454203,165359751.0
2020,UA,101 min,"Comedy, Drama, Romance",7.9,79.0,111478,23530892.0
2018,A,121 min,"Crime, Drama",7.9,93.0,62754,3313513.0
2019,U,137 min,"Comedy, Drama, Romance",7.9,94.0,246644,2000000.0
2017,UA,132 min,"Drama, Romance",7.9,93.0,212651,18095701.0
2016,UA,100 min,Drama,7.9,78.0,53818,258168.0
2018,U,101 min,"Animation, Adventure, Comedy",7.9,82.0,139114,32015231.0
2016,UA,101 min,"Adventure, Comedy, Drama",7.9,81.0,111483,5202582.0
2016,R,118 min,"Comedy, Drama",7.9,72.0,189400,5875006.0
2016,PG-13,106 min,"Comedy, Drama, Music",7.9,79.0,85109,3237118.0
2017,UA,130 min,"Action, Adventure, Comedy",7.9,74.0,587775,315058289.0
2014,A,117 min,"Crime, Drama, Thriller",7.9,76.0,466134,32381218.0
2019,UA,108 min,"Comedy, Drama, War",7.9,58.0,297918,349555.0
2016,UA,116 min,"Drama, Sci-Fi",7.9,81.0,594181,100546139.0
2015,U,138 min,"Action, Adventure, Sci-Fi",7.9,80.0,860823,936662225.0
2013,R,109 min,"Drama, Romance",7.9,94.0,141457,8114627.0
2014,UA,132 min,"Action, Adventure, Sci-Fi",7.9,75.0,659763,233921534.0
2011,Unknown,157 min,"Crime, Drama",7.9,82.0,41995,138730.0
2011,U,100 min,"Comedy, Drama, Romance",7.9,89.0,230624,44671682.0
2014,UA,113 min,"Action, Adventure, Sci-Fi",7.9,71.0,600004,100206256.0
2012,UA,127 min,"Drama, Romance",7.9,94.0,93090,6739492.0
2019,R,209 min,"Biography, Crime, Drama",7.9,94.0,324720,7000000.0
2009,A,155 min,"Crime, Drama",7.9,90.0,93560,2084637.0
2009,R,97 min,"Drama, Mystery, Sci-Fi",7.9,67.0,335152,5009677.0
2008,R,114 min,"Crime, Drama, Fantasy",7.9,82.0,205609,2122065.0
2009,A,112 min,"Action, Sci-Fi, Thriller",7.9,81.0,638202,115646235.0
2008,UA,109 min,"Drama, Sport",7.9,80.0,289415,26236603.0
2007,U,138 min,"Comedy, Drama, Romance",7.9,79.0,47720,410800.0
2014,A,165 min,Drama,7.9,100.0,335533,25379975.0
2007,Unknown,113 min,Drama,7.9,97.0,56625,1185783.0
2009,UA,127 min,"Action, Adventure, Sci-Fi",7.9,82.0,577336,257730019.0
2008,R,107 min,"Comedy, Crime, Drama",7.9,67.0,390334,7757130.0
2007,Unknown,87 min,"Drama, Fantasy, Mystery",7.9,79.0,174125,23530892.0
2006,UA,141 min,"Action, Adventure, Drama",7.9,89.0,154011,13756082.0
2006,R,117 min,"Adventure, Drama, Fantasy",7.9,64.0,107290,2280348.0
2012,U,127 min,"Adventure, Drama, Fantasy",7.9,79.0,580708,124987023.0
2009,PG,87 min,"Animation, Adventure, Comedy",7.9,83.0,199696,21002919.0
2005,Unknown,129 min,"Comedy, Drama",7.9,81.0,31476,23530892.0
2004,PG-13,97 min,"Drama, Music",7.9,56.0,57430,3635164.0
2008,UA,126 min,"Action, Adventure, Sci-Fi",7.9,79.0,939644,318412101.0
2004,UA,99 min,"Comedy, Horror",7.9,76.0,512249,13542874.0
2004,R,121 min,"Drama, Romance",7.9,78.0,51325,23530892.0
2003,A,138 min,"Crime, Drama, Mystery",7.9,84.0,419420,90135191.0
2004,U,142 min,"Adventure, Family, Fantasy",7.9,82.0,552493,249358727.0
2002,PG-13,120 min,"Action, Adventure, History",7.9,85.0,173999,53710019.0
2002,R,112 min,"Drama, Mystery, Romance",7.9,86.0,104691,9284265.0
2001,R,98 min,"Comedy, Drama, War",7.9,84.0,44618,1059830.0
2001,U,115 min,"Animation, Action, Crime",7.9,61.0,42897,1000045.0
2002,UA,119 min,"Action, Mystery, Thriller",7.9,68.0,508771,121661683.0
2000,R,114 min,"Crime, Drama, Thriller",7.9,80.0,49721,1221261.0
2006,A,109 min,"Adventure, Drama, Sci-Fi",7.9,84.0,465113,35552383.0
2000,A,122 min,"Adventure, Comedy, Drama",7.9,90.0,252586,32534850.0
2001,R,147 min,"Drama, Mystery, Thriller",7.9,85.0,322031,7220243.0
1999,U,92 min,"Animation, Adventure, Comedy",7.9,88.0,527512,245852179.0
1997,R,155 min,Drama,7.9,85.0,239473,26400640.0
1995,U,111 min,"Animation, Drama, Family",7.9,75.0,51943,23530892.0
1994,A,102 min,"Crime, Drama",7.9,77.0,31590,2201126.0
1993,R,119 min,"Crime, Drama, Romance",7.9,59.0,206918,12281500.0
1993,U,94 min,"Drama, Music, Mystery",7.9,85.0,89836,1324974.0
1993,A,94 min,"Animation, Action, Adventure",7.9,79.0,34529,23530892.0
1993,A,144 min,"Crime, Drama, Thriller",7.9,65.0,201000,36948322.0
1990,U,105 min,"Drama, Fantasy, Romance",7.9,74.0,447368,56362352.0
1989,U,103 min,"Biography, Drama",7.9,97.0,68076,14743391.0
1989,PG-13,104 min,"Comedy, Drama",7.9,77.0,54670,18254702.0
1987,A,119 min,"Crime, Drama, Thriller",7.9,79.0,281842,76270454.0
1986,PG-13,107 min,"Comedy, Drama",7.9,90.0,67176,40084041.0
1985,U,132 min,"Drama, Sci-Fi",7.9,84.0,187567,9929135.0
1984,R,82 min,"Comedy, Music",7.9,92.0,128812,188751.0
1983,U,93 min,"Comedy, Family",7.9,77.0,132947,20605209.0
1980,U,133 min,"Action, Adventure, Comedy",7.9,60.0,183182,57229890.0
1979,R,96 min,"Comedy, Drama, Romance",7.9,83.0,131436,45700000.0
1979,A,123 min,"Drama, Music, Musical",7.9,72.0,28223,37823676.0
1978,A,127 min,"Action, Adventure, Horror",7.9,71.0,111512,5100000.0
1976,U,138 min,"Biography, Drama, History",7.9,84.0,103031,70600000.0
1973,R,114 min,"Adventure, Drama, Fantasy",7.9,76.0,37183,61001.0
1973,R,123 min,"Comedy, Drama, Family",7.9,79.0,39897,23530892.0
1972,PG,102 min,Comedy,7.9,93.0,38737,198809.0
1972,Unknown,95 min,"Action, Adventure, Biography",7.9,79.0,52397,23530892.0
1971,PG,91 min,"Comedy, Drama, Romance",7.9,62.0,70826,23530892.0
1970,U,172 min,"Biography, Drama, War",7.9,91.0,93741,61700000.0
1969,A,145 min,"Action, Adventure, Western",7.9,97.0,77401,12064472.0
1968,Unknown,96 min,"Horror, Thriller",7.9,89.0,116557,89029.0
1968,PG,134 min,"Biography, Drama, History",7.9,79.0,29003,22276975.0
1967,U,110 min,"Crime, Drama, Mystery",7.9,75.0,67804,24379978.0
1963,U,113 min,"Comedy, Mystery, Romance",7.9,83.0,68689,13474588.0
1962,PG-13,126 min,"Drama, Thriller",7.9,94.0,71122,23530892.0
1960,A,197 min,"Adventure, Biography, Drama",7.9,87.0,124339,30000000.0
1960,U,144 min,"Drama, Mystery",7.9,79.0,26542,23530892.0
1959,Unknown,90 min,"Drama, Romance",7.9,79.0,28421,88300.0
1956,U,220 min,"Adventure, Drama",7.9,79.0,63560,93740000.0
1956,Passed,119 min,"Adventure, Drama, Western",7.9,94.0,80316,23530892.0
1955,U,118 min,Drama,7.9,72.0,40313,23530892.0
1952,PG,85 min,"Drama, Thriller, Western",7.9,89.0,97222,9450000.0
1951,A,101 min,"Crime, Film-Noir, Thriller",7.9,88.0,123341,7630000.0
1950,Approved,104 min,"Comedy, Drama, Fantasy",7.9,79.0,52573,23530892.0
1947,Unknown,96 min,"Comedy, Drama, Family",7.9,88.0,41625,2650000.0
1946,U,102 min,"Drama, Film-Noir, Romance",7.9,100.0,92306,10464000.0
1946,Passed,114 min,"Crime, Film-Noir, Mystery",7.9,79.0,78796,6540000.0
1945,Passed,101 min,"Drama, Film-Noir",7.9,79.0,33549,9460000.0
1940,Unknown,112 min,"Comedy, Romance",7.9,96.0,63550,23530892.0
1940,Passed,92 min,"Comedy, Drama, Romance",7.9,79.0,53667,296000.0
1938,PG,102 min,"Action, Adventure, Romance",7.9,97.0,47175,3981000.0
1935,Passed,96 min,"Comedy, Music, Musical",7.9,79.0,30580,2537520.0
1933,Passed,100 min,"Adventure, Horror, Sci-Fi",7.9,90.0,78991,10000000.0
1932,Unknown,64 min,"Drama, Horror",7.9,80.0,42117,23530892.0
1922,Unknown,94 min,"Fantasy, Horror",7.9,79.0,88794,23530892.0
2019,A,113 min,"Action, Comedy, Crime",7.8,51.0,237392,23530892.0
2018,UA,138 min,"Action, Drama, Thriller",7.8,79.0,25344,23530892.0
2019,R,120 min,"Drama, Music",7.8,81.0,27187,23530892.0
2016,UA,124 min,Drama,7.8,85.0,51240,2402067.0
2017,UA,106 min,"Action, Drama, History",7.8,94.0,555092,188373161.0
2016,Unknown,96 min,"Comedy, Drama",7.8,79.0,57168,23530892.0
2016,UA,127 min,"Biography, Drama, History",7.8,74.0,200876,169607287.0
2017,U,103 min,"Adventure, Comedy, Family",7.8,88.0,61594,40442052.0
2016,A,148 min,"Action, Crime, Drama",7.8,79.0,27175,23530892.0
2016,PG,101 min,"Animation, Action, Adventure",7.8,84.0,118035,48023088.0
2016,U,184 min,"Biography, Drama, Sport",7.8,79.0,40416,1782795.0
2016,UA,137 min,Drama,7.8,96.0,246963,47695120.0
2015,R,100 min,"Drama, History, War",7.8,75.0,35539,435266.0
2016,UA,133 min,"Action, Adventure, Sci-Fi",7.8,65.0,556608,532177324.0
2016,UA,147 min,"Action, Adventure, Sci-Fi",7.8,75.0,663649,408084349.0
2015,A,168 min,"Crime, Drama, Mystery",7.8,68.0,517059,54117416.0
2019,U,135 min,"Drama, Romance",7.8,91.0,143250,108101214.0
2017,UA,94 min,"Animation, Biography, Crime",7.8,62.0,50778,6735118.0
2014,R,119 min,"Biography, Comedy, Drama",7.8,79.0,51841,23530892.0
2013,PG-13,130 min,"Drama, Mystery",7.8,85.0,45002,1330596.0
2013,Unknown,141 min,Drama,7.8,86.0,81125,2852400.0
2013,U,104 min,"Drama, Romance",7.8,76.0,50523,4231500.0
2012,UA,126 min,"Comedy, Romance",7.8,79.0,39710,169209.0
2014,U,102 min,"Animation, Action, Adventure",7.8,74.0,410983,222527828.0
2013,R,123 min,"Comedy, Drama, Fantasy",7.8,55.0,303032,15322921.0
2012,U,134 min,"Comedy, Drama, Family",7.8,79.0,33618,1670773.0
2013,PG-13,126 min,"Animation, Biography, Drama",7.8,83.0,73690,5209580.0
2019,U,100 min,"Animation, Adventure, Comedy",7.8,84.0,203177,434038008.0
2013,R,131 min,"Crime, Drama, Mystery",7.8,49.0,108399,85433.0
2012,A,94 min,"Comedy, Drama, Romance",7.8,84.0,318789,45512466.0
2014,U,102 min,"Animation, Action, Adventure",7.8,76.0,305611,177002924.0
2015,A,130 min,"Biography, Comedy, Drama",7.8,81.0,362942,70259870.0
2010,Unknown,106 min,"Drama, Thriller",7.8,79.0,35713,23530892.0
2010,Unknown,144 min,"Action, Crime, Drama",7.8,67.0,111252,128392.0
2011,R,158 min,"Crime, Drama, Mystery",7.8,71.0,423010,102515793.0
2013,UA,134 min,"Adventure, Biography, Crime",7.8,82.0,421244,107100855.0
2010,R,119 min,"Action, Crime, Drama",7.8,79.0,62848,6460.0
2015,R,147 min,"Biography, Drama, History",7.8,72.0,179264,161197785.0
2009,R,129 min,"Crime, Drama, Mystery",7.8,79.0,52758,547292.0
2008,Unknown,125 min,"Action, Crime, Thriller",7.8,64.0,58468,23530892.0
2013,UA,161 min,"Adventure, Fantasy",7.8,66.0,601408,258366855.0
2009,UA,144 min,"Drama, History, Mystery",7.8,82.0,68715,2222647.0
2009,R,152 min,"Crime, Drama, Mystery",7.8,76.0,208994,10095170.0
2020,R,129 min,"Drama, History, Thriller",7.8,77.0,89896,23530892.0
2020,Unknown,117 min,"Comedy, Drama",7.8,81.0,33931,23530892.0
2010,UA,116 min,"Biography, Drama, Sport",7.8,79.0,340584,93617009.0
2008,A,90 min,"Action, Thriller",7.8,51.0,564791,145000989.0
2008,PG-13,94 min,"Drama, History, War",7.8,55.0,190748,9030581.0
2007,R,86 min,"Drama, Music, Romance",7.8,88.0,110656,9439923.0
2012,UA,169 min,"Adventure, Fantasy",7.8,58.0,757377,303003568.0
2007,Unknown,122 min,Drama,7.8,85.0,30827,741283.0
2007,R,123 min,"Drama, Mystery, Romance",7.8,85.0,251370,50927067.0
2011,A,100 min,"Crime, Drama",7.8,78.0,571571,35061555.0
2007,A,157 min,"Biography, Crime, Drama",7.8,76.0,392449,130164645.0
2009,UA,162 min,"Action, Adventure, Fantasy",7.8,83.0,1118998,760507625.0
2009,R,141 min,"Drama, Fantasy, Romance",7.8,63.0,216421,3600.0
2006,A,139 min,"Action, Adventure, Drama",7.8,68.0,291018,50866635.0
2006,UA,101 min,"Comedy, Drama",7.8,80.0,439856,59891098.0
2007,UA,121 min,"Action, Comedy, Mystery",7.8,81.0,463466,23637265.0
2008,UA,166 min,"Drama, Fantasy, Romance",7.8,70.0,589160,127509326.0
2004,U,192 min,"Drama, Family, Musical",7.8,67.0,49050,2921738.0
2005,R,94 min,"Comedy, Crime, Drama",7.8,51.0,45717,1305.0
2005,PG,129 min,"Drama, Romance",7.8,82.0,258924,38405088.0
2005,U,127 min,"Biography, Drama, Sport",7.8,68.0,51980,5128124.0
2003,UA,90 min,"Animation, Adventure, Comedy",7.8,73.0,31658,128985.0
2005,PG-13,119 min,"Action, Adventure, Sci-Fi",7.8,74.0,283310,25514517.0
2005,PG-13,136 min,"Biography, Drama, Music",7.8,72.0,234207,119519402.0
2003,Unknown,113 min,Drama,7.8,61.0,35682,15280.0
2004,A,123 min,"Drama, Romance",7.8,53.0,520284,81001787.0
2004,U,126 min,"Adventure, Biography, Drama",7.8,75.0,96703,16756372.0
2002,R,109 min,"Crime, Drama",7.8,82.0,42673,181655.0
2003,PG-13,80 min,"Animation, Comedy, Drama",7.8,91.0,50622,7002255.0
2000,Unknown,110 min,"Action, Drama, Thriller",7.8,58.0,26518,23530892.0
2002,PG-13,131 min,"Action, Adventure, Drama",7.8,61.0,129022,54234062.0
2001,R,99 min,"Animation, Drama, Fantasy",7.8,83.0,60684,2892011.0
2000,U,113 min,"Biography, Drama, Sport",7.8,48.0,198089,115654751.0
2000,UA,120 min,"Action, Adventure, Fantasy",7.8,94.0,253228,128078872.0
1999,R,101 min,Drama,7.8,87.0,89058,8264530.0
2000,UA,143 min,"Adventure, Drama, Romance",7.8,73.0,524235,233632142.0
1999,R,108 min,"Action, Crime, Thriller",7.8,44.0,227143,25812.0
1999,UA,157 min,"Biography, Drama, Thriller",7.8,84.0,159886,28965197.0
1999,PG,108 min,"Biography, Drama, Family",7.8,71.0,82855,32481825.0
2001,U,90 min,"Animation, Adventure, Comedy",7.8,84.0,613941,267665011.0
1997,UA,194 min,"Drama, Romance",7.8,75.0,1046089,659325379.0
1997,Unknown,103 min,"Crime, Drama, Romance",7.8,79.0,27712,233986.0
1997,UA,106 min,"Drama, Sci-Fi, Thriller",7.8,64.0,280845,12339633.0
1997,UA,129 min,"Action, Drama, Mystery",7.8,61.0,345096,48323648.0
1996,R,159 min,Drama,7.8,76.0,62428,4040691.0
1994,U,127 min,"Biography, Comedy, Drama",7.8,70.0,164937,5887457.0
1993,U,118 min,Drama,7.8,73.0,215034,9170214.0
1993,R,130 min,"Action, Biography, Drama",7.8,50.0,126871,56505065.0
1993,U,101 min,"Comedy, Drama, Family",7.8,55.0,78963,32416586.0
1993,U,134 min,"Drama, Romance",7.8,84.0,66065,22954968.0
1993,Unknown,132 min,"Comedy, Drama",7.8,84.0,34635,1769305.0
1993,U,130 min,"Action, Crime, Drama",7.8,87.0,267684,183875760.0
1993,R,121 min,"Crime, Drama, Romance",7.8,80.0,128171,17266971.0
1993,PG,76 min,"Animation, Action, Crime",7.8,79.0,43690,5617391.0
1992,R,128 min,"Action, Crime, Thriller",7.8,79.0,46700,23530892.0
1991,R,129 min,"Comedy, Drama",7.8,68.0,55362,2015810.0
1991,R,98 min,"Drama, Fantasy, Music",7.8,86.0,42376,1999955.0
1991,A,112 min,"Crime, Drama",7.8,76.0,126082,57504069.0
1990,R,107 min,"Drama, Thriller",7.8,75.0,184740,61276872.0
1990,U,121 min,"Biography, Drama",7.8,74.0,125276,52096475.0
1989,U,103 min,"Animation, Adventure, Drama",7.8,83.0,124193,23530892.0
1989,R,122 min,"Biography, Drama, History",7.8,78.0,122779,26830000.0
1989,R,111 min,"Action, Crime, Drama",7.8,82.0,45624,23530892.0
1989,U,108 min,"Adventure, Comedy, Sci-Fi",7.8,57.0,481918,118500000.0
1988,A,128 min,"Crime, Drama, History",7.8,65.0,88214,34603943.0
1987,A,107 min,"Action, Adventure, Sci-Fi",7.8,45.0,371387,59735548.0
1987,A,84 min,"Action, Comedy, Fantasy",7.8,72.0,148359,5923044.0
1986,U,103 min,Comedy,7.8,61.0,321382,70136369.0
1986,R,107 min,"Comedy, Crime, Drama",7.8,75.0,47834,1436000.0
1985,U,114 min,"Adventure, Comedy, Family",7.8,62.0,244430,61503218.0
1985,U,154 min,Drama,7.8,78.0,78321,98467863.0
1985,UA,97 min,"Comedy, Drama",7.8,66.0,357026,45875171.0
1984,UA,141 min,"Biography, Drama, History",7.8,76.0,51585,34700291.0
1984,UA,105 min,"Action, Comedy, Fantasy",7.8,71.0,355413,238632124.0
1983,PG,193 min,"Adventure, Biography, Drama",7.8,91.0,56235,21500000.0
1982,U,109 min,"Comedy, Crime, Drama",7.8,73.0,88511,2500000.0
1982,U,115 min,"Family, Sci-Fi",7.8,91.0,372490,435110554.0
1979,A,105 min,Drama,7.8,77.0,133351,106260000.0
1978,PG,94 min,"Drama, Romance",7.8,93.0,52852,23530892.0
1976,A,135 min,Western,7.8,69.0,65659,31800000.0
1975,PG,129 min,"Adventure, History, War",7.8,91.0,44917,23530892.0
1974,U,113 min,"Drama, Mystery, Thriller",7.8,85.0,98611,4420000.0
1973,U,72 min,"Animation, Sci-Fi",7.8,73.0,25229,193817.0
1973,A,143 min,"Crime, Drama, Thriller",7.8,80.0,37445,16056255.0
1973,PG,94 min,"Action, Crime, Drama",7.8,93.0,66009,23530892.0
1972,A,124 min,"Drama, Music, Musical",7.8,80.0,48334,42765000.0
1971,U,100 min,"Family, Fantasy, Musical",7.8,67.0,178731,4000000.0
1969,A,113 min,Drama,7.8,79.0,101124,44785053.0
1967,Unknown,108 min,Thriller,7.8,81.0,27733,17550741.0
1967,Unknown,108 min,"Comedy, Drama",7.8,63.0,39642,56700000.0
1967,A,111 min,"Action, Biography, Crime",7.8,86.0,102415,23530892.0
1964,U,170 min,"Drama, Family, Musical",7.8,95.0,86525,72000000.0
1964,U,139 min,"Comedy, Family, Fantasy",7.8,88.0,158029,102272727.0
1962,G,178 min,"Action, Drama, History",7.8,75.0,52141,39100000.0
1962,Unknown,105 min,"Drama, Romance",7.8,97.0,37605,23530892.0
1961,A,100 min,Horror,7.8,88.0,27007,2616000.0
1960,U,90 min,"Crime, Drama",7.8,79.0,73251,336705.0
1948,Passed,133 min,"Action, Adventure, Drama",7.8,79.0,28167,23530892.0
1948,Unknown,100 min,"Action, Crime, Drama",7.8,79.0,36995,23530892.0
1944,PG,100 min,"Adventure, Comedy, Film-Noir",7.8,79.0,31053,23530892.0
1943,PG,108 min,"Film-Noir, Thriller",7.8,94.0,59556,23530892.0
1939,Passed,96 min,"Adventure, Drama, Western",7.8,93.0,43621,23530892.0
1938,Unknown,96 min,"Mystery, Thriller",7.8,98.0,47400,23530892.0
1938,Passed,102 min,"Comedy, Family, Romance",7.8,91.0,55163,23530892.0
1935,Unknown,75 min,"Drama, Horror, Sci-Fi",7.8,95.0,43542,4360000.0
1933,Unknown,69 min,"Comedy, Musical, War",7.8,93.0,55581,23530892.0
1932,PG,93 min,"Action, Crime, Drama",7.8,87.0,25312,23530892.0
1931,Passed,70 min,"Drama, Horror, Sci-Fi",7.8,91.0,65341,23530892.0
2018,R,135 min,Drama,7.7,96.0,140375,23530892.0
2017,Unknown,104 min,"Drama, Romance",7.7,85.0,25198,335609.0
2018,R,119 min,"Action, Adventure, Comedy",7.7,66.0,478586,324591735.0
2017,R,107 min,"Crime, Drama, Mystery",7.7,73.0,205444,33800859.0
2017,R,104 min,"Horror, Mystery, Thriller",7.7,85.0,492851,176040665.0
2018,UA,147 min,"Action, Adventure, Thriller",7.7,86.0,291257,220159104.0
2015,PG-13,116 min,"Comedy, Drama, Romance",7.7,70.0,47444,3358518.0
2014,R,86 min,"Comedy, Horror",7.7,76.0,157498,3333000.0
2014,U,103 min,"Animation, Drama, Family",7.7,72.0,32798,765127.0
2014,U,123 min,"Biography, Drama, Romance",7.7,72.0,404182,35893537.0
2014,A,129 min,"Action, Adventure, Comedy",7.7,60.0,590440,128261724.0
2014,UA,126 min,"Drama, Romance",7.7,69.0,344312,124872350.0
2015,PG-13,105 min,"Comedy, Drama",7.7,74.0,123210,6743776.0
2014,A,119 min,"Comedy, Drama",7.7,87.0,580291,42340598.0
2013,A,180 min,"Drama, Romance",7.7,89.0,138741,2199675.0
2013,U,130 min,"Drama, Sport",7.7,40.0,32628,1122527.0
2012,Unknown,111 min,"Drama, Music, Romance",7.7,70.0,39379,175058.0
2014,UA,136 min,"Action, Adventure, Sci-Fi",7.7,70.0,736182,259766572.0
2011,UA,159 min,"Drama, Music, Musical",7.7,79.0,39501,985912.0
2013,UA,115 min,"Adventure, Comedy, Drama",7.7,87.0,112298,17654912.0
2012,U,101 min,"Animation, Adventure, Comedy",7.7,72.0,380195,189422889.0
2015,PG,108 min,"Animation, Adventure, Drama",7.7,70.0,56720,1339152.0
2011,Unknown,98 min,Drama,7.7,52.0,77071,71177.0
2011,PG-13,96 min,"Comedy, Fantasy, Romance",7.7,81.0,388089,56816662.0
2014,U,100 min,"Animation, Action, Adventure",7.7,83.0,323982,257760692.0
2013,UA,91 min,"Drama, Sci-Fi, Thriller",7.7,96.0,769145,274092705.0
2013,UA,132 min,"Action, Adventure, Sci-Fi",7.7,72.0,463188,228778661.0
2015,Unknown,137 min,"Drama, War",7.7,79.0,73964,83861.0
2010,UA,120 min,"Biography, Drama",7.7,95.0,624982,96962694.0
2011,UA,131 min,"Action, Adventure, Sci-Fi",7.7,65.0,645512,146408305.0
2009,UA,100 min,Comedy,7.7,73.0,717559,277322503.0
2012,UA,143 min,"Action, Adventure, Thriller",7.7,81.0,630614,304360277.0
2012,A,122 min,"Comedy, Drama, Romance",7.7,81.0,661871,132092958.0
2012,A,120 min,"Biography, Drama, Thriller",7.7,86.0,572581,136025503.0
2009,UA,95 min,"Comedy, Drama, Romance",7.7,76.0,472242,32391374.0
2010,A,146 min,"Adventure, Family, Fantasy",7.7,65.0,479120,295983305.0
2008,U,101 min,"Animation, Adventure, Comedy",7.7,86.0,125317,15090400.0
2008,R,122 min,"Biography, Drama, History",7.7,80.0,103330,18593156.0
2006,U,90 min,"Animation, Drama, Fantasy",7.7,81.0,71379,881302.0
2008,R,141 min,"Biography, Crime, Drama",7.7,63.0,239203,35739802.0
2010,PG,90 min,"Comedy, Drama, Romance",7.7,45.0,81446,1752214.0
2006,U,98 min,"Animation, Adventure, Comedy",7.7,79.0,60368,23530892.0
2006,Unknown,126 min,"Crime, Drama, Fantasy",7.7,79.0,28630,23530892.0
2006,Unknown,101 min,"Crime, Drama",7.7,86.0,115576,327919.0
2014,UA,108 min,"Drama, Sci-Fi, Thriller",7.7,78.0,474141,25442958.0
2006,R,120 min,Drama,7.7,78.0,32001,412544.0
2006,R,123 min,"Biography, Drama, History",7.7,74.0,175355,17605861.0
2007,UA,157 min,"Crime, Drama, Mystery",7.7,78.0,466080,33080084.0
2006,R,110 min,"Action, Crime, Drama",7.7,53.0,299524,22494487.0
2005,PG-13,116 min,"Drama, History, Music",7.7,70.0,28003,1054361.0
2007,R,122 min,"Biography, Drama, Music",7.7,78.0,61609,871577.0
2010,U,100 min,"Animation, Adventure, Comedy",7.7,71.0,405922,200821936.0
2006,R,145 min,"Drama, Thriller, War",7.7,71.0,72643,4398392.0
2005,A,134 min,"Drama, Romance",7.7,87.0,323103,83043761.0
2007,A,122 min,"Action, Crime, Drama",7.7,76.0,288797,53606916.0
2004,UA,112 min,"Crime, Drama, Thriller",7.7,66.0,419483,54580300.0
2004,UA,99 min,"Action, Comedy, Fantasy",7.7,78.0,127250,17108591.0
2004,A,108 min,"Action, Mystery, Thriller",7.7,73.0,434841,176241941.0
2004,R,101 min,"Drama, Thriller",7.7,61.0,358432,1082715.0
2004,A,152 min,"Biography, Drama, Music",7.7,73.0,138356,75331600.0
2003,UA,102 min,"Comedy, Drama",7.7,89.0,415074,44585453.0
2005,UA,157 min,"Adventure, Family, Fantasy",7.7,81.0,548619,290013036.0
2004,UA,146 min,"Action, Crime, Drama",7.7,47.0,329592,77911774.0
2009,U,100 min,"Animation, Drama, Family",7.7,80.0,197761,75286229.0
2003,UA,154 min,"Action, Drama",7.7,55.0,400049,111110575.0
2002,R,114 min,Drama,7.7,83.0,25938,4890878.0
2003,R,121 min,"Comedy, Drama, Romance",7.7,68.0,137981,4064200.0
2002,PG-13,105 min,Drama,7.7,76.0,40403,15539266.0
2001,PG-13,132 min,Drama,7.7,28.0,142863,40311852.0
2002,R,115 min,"Comedy, Drama",7.7,83.0,178565,22245861.0
2001,A,144 min,"Drama, History, War",7.7,74.0,364254,108638745.0
2002,A,117 min,"Crime, Drama, Thriller",7.7,72.0,246840,104454762.0
2001,R,120 min,"Drama, Thriller",7.7,60.0,90842,141072.0
2000,R,110 min,"Drama, Music",7.7,74.0,126770,21995263.0
2001,R,95 min,"Comedy, Drama, Music",7.7,85.0,31957,3029081.0
2001,UA,116 min,"Crime, Thriller",7.7,74.0,516372,183417150.0
2000,U,103 min,"Animation, Action, Fantasy",7.7,62.0,29210,151086.0
2000,U,107 min,"Adventure, Comedy, Crime",7.7,69.0,286742,45512588.0
2002,R,116 min,"Adventure, Comedy, Drama",7.7,79.0,29999,23530892.0
1999,A,81 min,"Animation, Comedy, Fantasy",7.7,73.0,192112,52037603.0
1999,R,89 min,Comedy,7.7,68.0,241575,10824921.0
1998,Unknown,134 min,"Comedy, Drama",7.7,81.0,66408,2807390.0
2001,A,122 min,"Crime, Drama, Thriller",7.7,69.0,390247,76631907.0
1998,UA,93 min,"Comedy, Drama, Romance",7.7,86.0,169229,17105219.0
1997,U,119 min,"Drama, Mystery, Sci-Fi",7.7,79.0,64082,368234.0
1999,R,113 min,"Comedy, Drama, Fantasy",7.7,90.0,312542,22858926.0
1997,A,139 min,"Comedy, Drama, Romance",7.7,67.0,275755,148478011.0
1997,UA,126 min,"Action, Adventure, Sci-Fi",7.7,52.0,434125,63540020.0
1998,PG-13,80 min,Comedy,7.7,73.0,37424,4065116.0
1997,A,127 min,"Biography, Crime, Drama",7.7,76.0,279318,41909762.0
1996,U,105 min,"Biography, Drama, Music",7.7,87.0,51350,35811509.0
1996,A,129 min,"Crime, Drama, Mystery",7.7,47.0,189716,56116183.0
1996,PG-13,242 min,Drama,7.7,79.0,35991,4414535.0
1995,U,97 min,"Drama, Family, Fantasy",7.7,83.0,32236,10019307.0
1995,UA,99 min,"Comedy, Crime, Drama",7.7,71.0,26429,23530892.0
1994,U,108 min,"Biography, Comedy, Drama",7.7,81.0,33600,21848932.0
1994,R,92 min,Comedy,7.7,70.0,211450,3151130.0
1993,R,188 min,"Comedy, Drama",7.7,79.0,42275,6110979.0
1993,UA,125 min,Drama,7.7,66.0,224169,77324422.0
1992,G,85 min,"Comedy, Drama, Family",7.7,64.0,50298,27281507.0
1992,U,202 min,"Biography, Drama, History",7.7,73.0,85819,48169908.0
1992,UA,112 min,"Action, Adventure, Drama",7.7,76.0,150409,75505856.0
1992,U,94 min,"Animation, Adventure, Comedy",7.7,83.0,77798,23530892.0
1992,R,100 min,"Crime, Drama, Mystery",7.7,82.0,95826,10725228.0
1992,U,138 min,"Drama, Thriller",7.7,62.0,235388,141340178.0
1991,PG-13,130 min,Drama,7.7,64.0,66941,82418501.0
1991,U,116 min,"Comedy, Drama, Thriller",7.7,69.0,113240,6153939.0
1990,R,115 min,"Crime, Drama, Thriller",7.7,66.0,125822,5080409.0
1988,U,104 min,"Animation, Adventure, Comedy",7.7,83.0,182009,156452370.0
1988,Unknown,107 min,"Mystery, Thriller",7.7,79.0,33982,23530892.0
1987,R,107 min,"Comedy, Drama",7.7,84.0,40396,1544889.0
1987,U,163 min,"Biography, Drama, History",7.7,76.0,94326,43984230.0
1987,U,153 min,"Action, Drama, History",7.7,62.0,115677,22238696.0
1986,R,130 min,"Crime, Drama, Mystery",7.7,54.0,102031,7153487.0
1986,A,120 min,"Drama, Mystery, Thriller",7.7,76.0,181285,8551228.0
1985,U,82 min,"Comedy, Fantasy, Romance",7.7,75.0,47102,10631333.0
1985,UA,97 min,"Comedy, Crime, Drama",7.7,90.0,59635,10600000.0
1983,PG,79 min,Comedy,7.7,79.0,39881,11798616.0
1982,U,129 min,Drama,7.7,77.0,36096,54000000.0
1982,U,113 min,"Action, Adventure, Sci-Fi",7.7,67.0,112704,78912963.0
1982,A,93 min,"Action, Adventure",7.7,61.0,226541,47212904.0
1980,U,124 min,Drama,7.7,86.0,47099,54800000.0
1980,U,88 min,Comedy,7.7,78.0,214882,83400000.0
1979,U,100 min,"Animation, Adventure, Family",7.7,71.0,27014,23530892.0
1978,A,91 min,"Horror, Thriller",7.7,87.0,233106,47000000.0
1976,R,126 min,"Drama, Thriller",7.7,71.0,39889,1924733.0
1975,PG,85 min,"Comedy, War",7.7,89.0,36037,23530892.0
1974,U,104 min,"Action, Crime, Thriller",7.7,68.0,26729,23530892.0
1974,A,93 min,"Comedy, Western",7.7,73.0,125993,119500000.0
1973,A,130 min,"Biography, Crime, Drama",7.7,87.0,109941,29800000.0
1973,A,102 min,"Action, Crime, Drama",7.7,83.0,96561,25000000.0
1972,U,109 min,"Adventure, Drama, Thriller",7.7,80.0,98740,7056013.0
1971,A,104 min,"Action, Crime, Drama",7.7,94.0,110075,15630710.0
1971,A,102 min,"Action, Crime, Thriller",7.7,90.0,143292,35900000.0
1968,U,158 min,"Action, Adventure, War",7.7,63.0,51913,23530892.0
1968,G,105 min,Comedy,7.7,86.0,31572,44527234.0
1967,Unknown,150 min,"Action, Adventure, War",7.7,73.0,67183,45300000.0
1967,A,100 min,"Drama, Romance",7.7,79.0,40274,26331.0
1966,U,120 min,"Biography, Drama, History",7.7,72.0,31222,28350000.0
1965,Unknown,105 min,"Drama, Horror, Thriller",7.7,91.0,48883,23530892.0
1964,U,138 min,"Drama, History, War",7.7,77.0,35999,23530892.0
1964,A,110 min,"Action, Adventure, Thriller",7.7,87.0,174119,51081062.0
1963,A,119 min,"Drama, Horror, Mystery",7.7,90.0,171739,11403529.0
1962,Passed,106 min,"Drama, Thriller",7.7,76.0,26457,23530892.0
1960,Unknown,101 min,"Drama, Horror, Thriller",7.7,79.0,31354,83957.0
1960,Approved,128 min,"Action, Adventure, Western",7.7,74.0,87719,4905000.0
1960,Unknown,90 min,"Drama, Horror",7.7,90.0,27620,52709.0
1956,Approved,80 min,"Drama, Horror, Sci-Fi",7.7,92.0,44839,23530892.0
1955,PG-13,111 min,Drama,7.7,89.0,83363,23530892.0
1955,Unknown,91 min,"Comedy, Crime",7.7,91.0,26464,23530892.0
1954,Passed,113 min,"Comedy, Drama, Romance",7.7,72.0,59415,23530892.0
1952,Passed,129 min,"Comedy, Drama, Romance",7.7,79.0,34677,10550000.0
1951,U,92 min,"Drama, Sci-Fi",7.7,79.0,76315,23530892.0
1951,PG,105 min,"Adventure, Drama, Romance",7.7,91.0,71481,536118.0
1946,Approved,110 min,"Drama, Film-Noir, Romance",7.7,79.0,27991,23530892.0
1940,G,125 min,"Animation, Family, Fantasy",7.7,96.0,88662,76408097.0
1933,TV-PG,71 min,"Horror, Sci-Fi",7.7,87.0,30683,23530892.0
2019,PG-13,126 min,"Biography, Drama, History",7.6,73.0,60408,23530892.0
2018,U/A,102 min,"Drama, Mystery, Thriller",7.6,71.0,140840,26020957.0
2019,A,161 min,"Comedy, Drama",7.6,83.0,551309,142502728.0
2017,R,127 min,Drama,7.6,86.0,29765,566356.0
2017,A,111 min,Drama,7.6,92.0,95181,5904366.0
2019,A,137 min,"Biography, Crime, Drama",7.6,68.0,46739,23530892.0
2017,PG-13,101 min,Drama,7.6,60.0,99643,24801212.0
2019,PG-13,97 min,"Adventure, Comedy, Drama",7.6,70.0,66346,13122642.0
2015,Unknown,138 min,"Crime, Drama, Romance",7.6,77.0,52903,23530892.0
2015,PG-13,97 min,Drama,7.6,83.0,35785,845464.0
2017,UA,136 min,"Action, Adventure, Comedy",7.6,67.0,569974,389813101.0
2017,UA,113 min,"Action, Crime, Drama",7.6,86.0,439406,107825862.0
2017,UA,134 min,"Action, Biography, Drama",7.6,72.0,58371,18340051.0
2015,UA,142 min,"Drama, History, Thriller",7.6,81.0,287659,72313754.0
2018,UA,118 min,"Animation, Action, Adventure",7.6,80.0,250057,608581744.0
2016,U,107 min,"Animation, Adventure, Comedy",7.6,81.0,272784,248757044.0
2015,A,121 min,"Action, Crime, Drama",7.6,82.0,371291,46889293.0
2015,A,133 min,"Drama, Sport",7.6,82.0,247666,109767581.0
2014,R,140 min,"Crime, Drama",7.6,92.0,49397,1092800.0
2016,R,102 min,"Action, Crime, Drama",7.6,88.0,204175,26862450.0
2013,PG-13,98 min,"Biography, Comedy, Drama",7.6,77.0,94212,37707719.0
2014,UA,130 min,"Action, Adventure, Drama",7.6,79.0,411599,208545589.0
2012,Unknown,112 min,"Mystery, Thriller",7.6,79.0,57549,23530892.0
2011,A,101 min,"Action, Thriller",7.6,73.0,190531,4105123.0
2012,A,109 min,"Action, Crime, Drama",7.6,68.0,228132,41003371.0
2010,U,94 min,"Animation, Adventure, Family",7.6,80.0,80939,19202743.0
2018,UA,136 min,"Drama, Music, Romance",7.6,88.0,334312,215288866.0
2010,PG-13,110 min,"Drama, Western",7.6,80.0,311822,171243005.0
2010,R,118 min,"Drama, Romance",7.6,65.0,38491,1008098.0
2010,U,95 min,"Animation, Comedy, Crime",7.6,72.0,500851,251513985.0
2011,R,100 min,"Comedy, Drama, Romance",7.6,72.0,315426,35014192.0
2010,UA,117 min,"Action, Comedy, Crime",7.6,66.0,524081,48071303.0
2009,Unknown,113 min,"Action, Adventure, Crime",7.6,79.0,63882,23530892.0
2011,PG-13,133 min,"Biography, Drama, Sport",7.6,87.0,369529,75605492.0
2011,R,120 min,"Drama, Horror, Thriller",7.6,70.0,138959,3185812.0
2009,A,88 min,"Adventure, Comedy, Fantasy",7.6,73.0,520041,75590286.0
2008,Unknown,107 min,"Drama, Thriller",7.6,79.0,102742,23530892.0
2009,PG-13,128 min,"Action, Adventure, Mystery",7.6,57.0,583158,209028679.0
2009,UA,129 min,"Biography, Drama, Sport",7.6,53.0,293266,255959475.0
2007,PG-13,104 min,Drama,7.6,79.0,41544,9422422.0
2008,UA,123 min,Drama,7.6,36.0,286770,69951824.0
2007,R,100 min,"Action, Crime, Drama",7.6,82.0,227760,17114882.0
2007,U,127 min,"Adventure, Family, Fantasy",7.6,66.0,255036,38634938.0
2009,Unknown,71 min,"Animation, Adventure, Family",7.6,81.0,31779,686383.0
2006,R,129 min,"Crime, Drama, Mystery",7.6,76.0,339757,88513495.0
2007,R,114 min,"Crime, Drama, Mystery",7.6,72.0,250590,20300218.0
2007,PG-13,140 min,"Biography, Drama, Music",7.6,66.0,82781,10301706.0
2006,PG-13,104 min,"Action, Biography, Drama",7.6,70.0,72863,24633730.0
2006,U,110 min,"Drama, Fantasy, Mystery",7.6,68.0,354728,39868642.0
2004,Unknown,90 min,"Crime, Drama, Thriller",7.6,52.0,49728,6013.0
2009,UA,153 min,"Action, Adventure, Family",7.6,78.0,474827,301959197.0
2006,A,117 min,"Action, Drama",7.6,52.0,732876,210614939.0
2005,R,124 min,"Drama, Romance, Thriller",7.6,72.0,206294,23089926.0
2009,A,162 min,"Action, Drama, Mystery",7.6,56.0,500799,107509799.0
2005,R,122 min,"Action, Crime, Drama",7.6,62.0,294140,24149632.0
2004,UA,103 min,"Horror, Mystery, Thriller",7.6,46.0,379020,56000369.0
2008,R,124 min,Drama,7.6,67.0,83158,3081925.0
2004,R,105 min,Drama,7.6,73.0,65939,697181.0
2003,R,93 min,"Comedy, Drama, Romance",7.6,45.0,67360,548707.0
2004,U,133 min,"Drama, Mystery, Romance",7.6,76.0,70925,6167817.0
2003,R,89 min,"Comedy, Drama",7.6,81.0,67370,5739376.0
2003,UA,124 min,"Crime, Drama, Thriller",7.6,70.0,224545,16290476.0
2002,R,129 min,"Crime, Drama, Thriller",7.6,56.0,62659,45289.0
2004,U,106 min,"Biography, Drama, Family",7.6,67.0,198677,51680613.0
2002,R,135 min,Drama,7.6,68.0,169708,13060843.0
2004,U,113 min,"Drama, Sci-Fi, Thriller",7.6,30.0,451479,57938693.0
2002,A,113 min,"Drama, Horror, Sci-Fi",7.6,73.0,376853,45064915.0
2000,Unknown,114 min,"Action, Adventure, Drama",7.6,81.0,169091,23530892.0
2001,A,110 min,"Comedy, Drama",7.6,76.0,266842,52364010.0
2001,A,106 min,Drama,7.6,88.0,115827,13622333.0
2001,U,152 min,"Adventure, Family, Fantasy",7.6,64.0,658185,317575550.0
2001,PG-13,101 min,"Horror, Mystery, Thriller",7.6,74.0,337651,96522687.0
2001,R,124 min,"Biography, Crime, Drama",7.6,52.0,240714,52990775.0
2001,A,131 min,"Drama, History, War",7.6,53.0,243729,51401758.0
2002,A,145 min,"Action, Crime, Mystery",7.6,80.0,508417,132072926.0
1999,R,146 min,"Biography, Drama, Sport",7.6,74.0,91557,50668906.0
2000,A,101 min,"Comedy, Crime, Drama",7.6,64.0,490062,15070285.0
1998,UA,81 min,"Crime, Drama, Thriller",7.6,77.0,188317,7267585.0
1998,A,170 min,"Drama, War",7.6,78.0,172710,36400491.0
1998,U,88 min,"Animation, Adventure, Family",7.6,71.0,256906,120620254.0
1998,R,118 min,"Adventure, Comedy, Drama",7.6,41.0,259753,10680275.0
1997,A,108 min,"Crime, Drama, Thriller",7.6,69.0,65058,23530892.0
1998,A,100 min,"Mystery, Sci-Fi, Thriller",7.6,66.0,187927,14378331.0
1996,UA,147 min,"Crime, Drama, Thriller",7.6,49.0,186734,49100000.0
1997,A,134 min,"Mystery, Thriller",7.6,52.0,131101,3796699.0
1995,U,136 min,"Drama, Romance",7.6,84.0,102598,43182776.0
1995,A,128 min,"Action, Adventure, Thriller",7.6,58.0,364420,100012499.0
1995,R,121 min,"Adventure, Drama, Fantasy",7.6,62.0,90442,1037847.0
1995,A,135 min,"Drama, Romance",7.6,69.0,73172,71516617.0
PG,U,140 min,"Adventure, Drama, History",7.6,77.0,269197,173837933.0
1994,U,92 min,"Comedy, Drama, Romance",7.6,88.0,64390,1464625.0
1993,R,113 min,"Action, Crime, Drama",7.6,56.0,171640,40903593.0
1993,U,102 min,Comedy,7.6,78.0,165465,7993039.0
1992,UA,120 min,"Comedy, Crime",7.6,68.0,107325,52929168.0
1991,U,118 min,"Animation, Drama, Romance",7.6,90.0,27071,453243.0
1991,R,99 min,"Comedy, Crime",7.6,66.0,80487,1794187.0
1990,U,103 min,"Comedy, Family",7.6,63.0,488817,285761243.0
1990,A,162 min,"Crime, Drama",7.6,60.0,359809,66666062.0
1989,UA,95 min,"Comedy, Drama, Romance",7.6,76.0,195663,92823600.0
1989,U,83 min,"Animation, Family, Fantasy",7.6,88.0,237696,111543479.0
1988,U,85 min,"Comedy, Crime",7.6,76.0,152871,78756177.0
1987,U,93 min,"Comedy, Drama",7.6,72.0,124773,49530280.0
1987,A,109 min,"Action, Crime, Thriller",7.6,68.0,236894,65207127.0
1984,A,99 min,"Crime, Drama, Thriller",7.6,82.0,87745,2150000.0
1981,UA,109 min,Drama,7.6,68.0,27650,119285432.0
1981,A,96 min,"Action, Adventure, Sci-Fi",7.6,77.0,166588,12465371.0
1979,UA,92 min,"Action, Crime, Thriller",7.6,65.0,93878,22490039.0
1979,U,95 min,"Adventure, Comedy, Family",7.6,74.0,32802,76657000.0
1979,A,112 min,"Action, Biography, Crime",7.6,76.0,121731,43000000.0
1978,U,91 min,"Animation, Adventure, Drama",7.6,64.0,33656,23530892.0
1978,A,121 min,"Biography, Crime, Drama",7.6,59.0,73662,35000000.0
1977,U,138 min,"Drama, Sci-Fi",7.6,90.0,184966,132088635.0
1973,A,112 min,"Comedy, Crime, Drama",7.6,87.0,26337,959000.0
1971,PG,157 min,"Drama, War, Western",7.6,77.0,30144,696690.0
1970,GP,144 min,"Adventure, Comedy, War",7.6,50.0,45338,1378435.0
1967,U,78 min,"Animation, Adventure, Family",7.6,65.0,166409,141843612.0
1966,A,111 min,"Drama, Mystery, Thriller",7.6,82.0,56513,23530892.0
1964,U,87 min,"Comedy, Music, Musical",7.6,96.0,40351,13780024.0
1961,A,115 min,"Comedy, Drama, Romance",7.6,76.0,166544,23530892.0
1956,G,201 min,"Drama, Western",7.6,84.0,34075,23530892.0
1953,Passed,118 min,"Drama, Romance, War",7.6,85.0,43374,30500000.0
1944,Unknown,97 min,"Drama, War",7.6,78.0,26471,23530892.0
1935,Unknown,86 min,"Crime, Mystery, Thriller",7.6,93.0,51853,23530892.0
